old	new
002d9a4226f3a6dd1c06da076abe218bc05a77d0	61e7789a12ef76bced5be69ee671268c5a06f115
0060f93ba1141abc5ecbdf2ce8c76a3e8d9493c5	2afb6448c0a802ba508f08b21ae2348a118d0333
00c991b92bdda01411af8b983469d1d3a8f7b729	2fec4da306ecaec544c0766f3603ffaf2a98c0af
011e750ccb9a296365c683dfec4f6940860148b9	f7911e64dba24951c8117df42769abc20bfb15df
0134b6b457aabc2fa527dec1c953a8655f8c5b4f	e9950e18c14b409748e7ceee099402f945481b03
013cea6529e2859cddbf8a2e62b608736216b57c	0000000000000000000000000000000000000000
0167242b5e9a4bb0e3c83b719335ef772c1fcc92	0000000000000000000000000000000000000000
01a84aae1b2f6761b865b691557873b2817825e6	35309c937f90777153e055731eda07cf7b512d3b
01a84aae1b2f6761b865b691557873b2817825e6	c13e8054968f44cbe5cf910c12a162f124e783fe
01c1622534dec5d03ce6bb86a312d8d8f4c4e8d6	0000000000000000000000000000000000000000
0231923b9d64027332973039150438b5c739768e	7a96e18702e56953dccba56d9a698724b61c1c7b
0241d85f8cb54ac86863fcc21b95201e4877c339	9bee2a34506ca00ada784c83b5dfa1f5e96d121d
02fcaa8b7af2fe995d12ea4fd6788e89ed6f13c3	db9eb1abc077df270187b41398e4faf4cfb772c0
0371a2ad5d3166aa861c2ba6fd35299866058970	0000000000000000000000000000000000000000
0462b322588be987240923e663f018660b2b8adf	0000000000000000000000000000000000000000
046321d6613ce783b3fa7931b1be6c6ff6c61cf8	7294db3dc627438a7a092f270a8d663f28b88c94
046321d6613ce783b3fa7931b1be6c6ff6c61cf8	e6e878a2a8494be0aa9f6be60ef487aecfdc79ce
0470835852e5e29dcf599f970c0898f9e1715ae3	2a3e57ac7a376112b25ea84359828f734948a638
0660f00b67f0f74467f4fe82f1ed67f82a039c98	0000000000000000000000000000000000000000
0729973062bf41dac1287e0c6cce0d7f750e991d	0000000000000000000000000000000000000000
073221c6ac953321dbec2313f711da4e63d4740b	d7e30e1593dd1becf0930944df4da2752a21a63c
0737474b80ddfbd3350187b37386b9ea08d73652	0000000000000000000000000000000000000000
0742ea125ea0664594b13216322ce0b48a697f53	facb56c7bec92957e1656b017d832ab55bab48e5
07ef61c9ab48d66f6ec5d5606c7050c81ca5b682	0000000000000000000000000000000000000000
07f9b212d0826d61ecddd6e25b5ce93d91ce27c3	0000000000000000000000000000000000000000
09e8efff4e9f8729448711d2089727073a89bccf	e8a6da0b6486089ae9c8f1de9b4625bbc5564c97
0a2c5cda4b67314e6be3d6dea44d12d61e895678	0000000000000000000000000000000000000000
0a4134edeb34d63d96a7386b847f376d7af09c16	15e5cad050db11d5e0914c580e312687899be297
0a52cbf56efb75c55abffd3636bfa7fdf4aafb54	d5f863c37b2db9cc38499d39241d3c43d72ecfb2
0ac757ccda38c2f5b8ecac6f51e521368f1a215e	0000000000000000000000000000000000000000
0b0598cd21d7863b6c66a9f1eef61cfc457a5f1e	1095511cce551c704118064f0dc1e6c8ef077ec0
0cb2db0b477ac74223a638812b2add3d131c98ae	0000000000000000000000000000000000000000
0cb2db0b477ac74223a638812b2add3d131c98ae	bddfd68cc21447d33f8d9fbed2ea29b1aee46dbd
0cdb1ec167d2b68672e906fc4928a29740aaff6f	9c24ddb322dd7d5b58e2c6a738c894c62ae59784
0d0b9cd275c65b02b068cc4581aad1029d0b6464	0000000000000000000000000000000000000000
0d22a67df71152ef35e3982a8520f39641246ce2	e73719ce726d7b243b21821c1501669b250e25ea
0d30f78bcc78a0b0e27dd52ae886e24a114c841f	0000000000000000000000000000000000000000
0de6fa7a37084f24a497d5f1669cb46df1558062	1fc16f4e620c9a04c71928b0d44e18699ee6e91e
0e3114cec8850d7d67a47cba3d84043142fe88e7	fad44cbcb0db5b53af0b16379ad9819e4aee7624
0e388f9fa7ee06e91a82f5439fc30beff4297f5b	0000000000000000000000000000000000000000
0f755486b2a3c0fa884a9eff07c97d552e595bfa	a42e1d41d38638a4c34ace7151c9dae1312f033d
0f843095d7eb05d44865d3def87113c37ec964d5	09d93136a24ec708007c2965ffd1ba55c29619a4
0fc788cf31073d0642f881d97f0a56a947c6d4ea	bf9a7a17ccf543e8018a3e3b85ed7d9b2b101630
1015dcef2e5f659c225aae0f9cdefb26bb8a25f1	09de125a1fe8823117cf24981098d358cb914ac6
10340f0e3b22a96b02c044bb4abee2a6975780a4	bb77843f64b1343b689259574e81a6cf24d4c8b0
10340f0e3b22a96b02c044bb4abee2a6975780a4	e4fe3c12d9bb4abe9dbde3efbbc2311c48bb4b7e
10a079243a5eaab12f177c1027915e2326a4e0a2	67f2fc688715993cca4ef658ef6f3e6cde912031
10b83af76616e98b4c09c0354f259373407347a3	0000000000000000000000000000000000000000
10fce3f09b2ffc4d0561b07a476d49a1b0b8df17	0000000000000000000000000000000000000000
11437995959612d5ef507adda874e8ee20374490	fc839b73007d953d639cee976fd6bc1015473be2
11caf7d1bfe6e3c215013cfeaf7c408088c25154	cbbc8b18ac306309df74af85cdcaa93e2ee2f198
12261deccc9da76cf0ff2d8b4270f30e8f1a335d	0000000000000000000000000000000000000000
128a04398187e0ec7edca54c8ae80b34b6fc0272	4288cab48fcb904e01e3230d66b54e489a15901d
13e0c9e1ad35cbcf29bb8dd6fa0fd8a05528a518	2868b2f745b73c3c5ca570327d6dabd49227ca89
14afdbe8086111946aa777769c442ef1ceceda37	0000000000000000000000000000000000000000
14de80e414f9775631f0f1b6cc71bcc5265c889d	2491c793e7d4e1e610dfb486f865050403b84c21
150de03ca0c3d342abecdd52cc53dab003b1eb62	cc5c88c8144c0ee05b73a07e13fddd6ccdbc08ac
1523bd367c283ed5290e393968a3e1a3af080cce	83700942329e8c78987eeea68a33c86754c2bbb3
16cd1420de92ef74a6038e96abfe8176b04ff6f9	0000000000000000000000000000000000000000
17392c0565f1ebbbcb62c4f2d0bdd10beb4dc5c9	7af84b2f1544fd0b03f98c5baabb9750a05c2cc1
17513c421cde91e0f7803fa534a96ccff631a80f	9ed1f06aa641304dbb2567fab25bb73d244cca20
177872fb869c127f4ccf2bb289e201af5662ef1b	9006875a5e332d1b2743b24b4134b529de406a1c
1875331aeadb724f6007805b4a51dca2a31f7299	4d0e9db8f5ced0719d0e36501323acb780bac887
1881425e758557033b2db4df90b9e6b069c863a9	13fafa689c46ffa541a6c15415d5a5fe39aec1a5
192beaf0481e199e12d6ef515347a6c7dd8a4145	bf013e67d44901327f365779207daef5533804ba
19657e7b998eac3a56f041b445b5118278ce7b62	0000000000000000000000000000000000000000
1a5065994be2e5724c3a9f8a48c2fa685a48355b	ab89e349d676f2f59a05b0a4422cee737b09c7a8
1b0aad222b6cb86718d3c0bcf022dee5b5ecb66a	379aa023bc002374c5e959b12d3cd4ca24ce2a83
1b1f309fe2785db73308b1098647dafc3c4afc33	1cc2f1c53081f35556dca3631f9c32f788d8d9cf
1b3e6aa99bae93d1191b928a530f50021b19af59	cae75693aae581cfffec00266c2e9c9c39f22003
1bb817916f82e66459dd58238855ee48350aea71	cf67825353955596c57dc59ddbbd195fd70a9ddd
1c1eb1bcef82fbbf88914977687d39b374fadb60	0000000000000000000000000000000000000000
1c2bc8d7f97f995547b0d7f9f14b775bea334dc5	238c068d344fdf8bcb1f389e0bdc31213757d68e
1c538820e93c643b01d05a78ee12424865df413e	0000000000000000000000000000000000000000
1d0387c1ed8582f84162e497f8d9790050f50092	0000000000000000000000000000000000000000
1d082d0354d42a2399f693848dca2029547b3c1c	4f2ff93eee401af08b706cf0daaab398cd984fd2
1d39d4cb5f96f7841bfb185b8f9b8e5a443b4793	0000000000000000000000000000000000000000
1d39d4cb5f96f7841bfb185b8f9b8e5a443b4793	1806e91f208a3854d9efa7fdea64d22b8ba0c58a
1da37ebe9568cc5c7cc7a7556c6625997f7635db	753b636dc6405e4227aa5cf598cd6d0ff26d5a85
1e3e0aeadebec75482cde667a0e2bbeb7b9dd3fd	0000000000000000000000000000000000000000
1e44368fe839c1ebf22a49f8aa7a715140300696	0000000000000000000000000000000000000000
1e66b0757766891113035c939e52f9aec65e6e98	0000000000000000000000000000000000000000
1f069a5de51d35ec0d60e174f5cde60046cd7446	ea4e25f7ec7b8f43b99e9726426f0bbecce7c833
1f593d9484656e8e13b942bba37979f055ee7e1a	5cb5f14cef609c1085dad21acee0eb3aee6ec06f
1fb33d69e21d7b6fdc59b55668b530603e13dc25	fd0a476d99a5e397c921453f07d70523842f49f9
202271946e3c0db738c28e34481b73706ee26cf7	71ec4f8e90f7507b27e9ded4b6cfeddb8d51559c
203a49241fca70d86305b674afdf8b1bc917a9f9	0000000000000000000000000000000000000000
207b3ece89a147c002607f328cf75e0ea4c2920b	8efa6266ac8331f16352d4c6e8248a6da3e48413
209e76b383cf1f6f7f0863310852abe4da4bd5b1	3193051cf647711f18c6f5300cdc26c2d1677bd3
20ad43178ab16247385a3fbf9e5963e179c1eabb	0000000000000000000000000000000000000000
20f9113c7bacb30b6d936b00e752c07590a8f011	0000000000000000000000000000000000000000
21025b1041cb7ea24d9f030a73ec6b0459dde353	e176533a1bcbcca654dc78a299f0f7d039e69773
21b6782be20b02a78fbaa0b234bb40aa5dc2f1b9	3b04fbcf6ea942e606f2576ccb82a47c21274a31
21dce9806fa77a9d4725180d84c31d517a2e37fb	cedf416edec488ced051da9e6847d4ea5cfe95ff
21e0b900c014aa7953928b20ac5e181186344234	0000000000000000000000000000000000000000
21e0b900c014aa7953928b20ac5e181186344234	9191adf0fc26579bcf7fe176ad3befa6e5a3a49f
22860c80b01edbfe0f16ca85fad90eb564a0b4f9	eea071b07304c7a95b131fcec2d2513414d4e7c2
22a742239c1b59535cf432cd9506c0d64a483c3e	0000000000000000000000000000000000000000
22aa2bac70ccd6d1f586675a122fb6d160cce702	0000000000000000000000000000000000000000
22e5b35e11bf20563ba25d71d4bdd4c9ad989123	0c0e72af890a2fa4b1cc186d112525341432b660
231809b6982e2f80e14dcadb87ce7f9f184bf01e	0000000000000000000000000000000000000000
231809b6982e2f80e14dcadb87ce7f9f184bf01e	4789aca8ac87faef255a304ba667d9f37fd96612
23443feac557dfdcf88cf5fb1b02311c529b7936	0000000000000000000000000000000000000000
23e733dcd5d31042aa2d2e1994f61a6d4ecee9fd	10a06992e810676c77074c82b5ac91f56b21c009
23ff8ea77fafb5017a0ad502500d142e1d5c6dc6	28c652457a7c721e97b227a457473e1003461214
24721264852174efa9d2e85041d728d5316ebf6a	2d9e336c2775fb92995192327e155aa206b6e591
2485080ca0cd24ff426edf0f8d9ddc196a7595e0	86129f44ece448facbadb58cedf1b9862fd18c06
249f10a36afe273000b6a2e7de39a7678dd636e1	d95dc8bb0e404333ce9ba929cd575062707b05c8
24b1ef7e42886d686aec6406b1753d4c44b83032	87f8d0341af823699272683e6e51ba6f4188f9d1
251f738a19133c63a9400d37e359742d1959da62	d73dd4e7237531024233899de4f1081835364293
2559b353dba3886a72a55da30690f4ab7367c6b1	ceeffb1073ebc54f598a74f9dfbfa6dfcc983af0
26921be851493f0afc40886008e47cb819ec0888	25fd318038f9b177d6c6763cbb988d8ef828a3e0
26a769b7ba42027343bb6f05c4d2a09b51da9aa3	0000000000000000000000000000000000000000
26f520765e34f1ba7a1e14e7a3b478565b527a7d	71f62310dd55aa605fd4e9d17e75e9bdb58ca68f
2708e30d4af54839c585cd9d2e0eae015bcd5e01	220982a21d0e731fc2732a9208f2e8d6bbb1e413
2708e30d4af54839c585cd9d2e0eae015bcd5e01	d1d4c554156d6b6bca9e555082386d4743831bcb
273faefbd7cedf3ed98d0ae25dcc0af3f4ac7e9c	22538a3bb23ae9f7afc5a6fee35fae6b453a734d
275523a0db1743e98c8d4ad0922db6924cd597e3	0000000000000000000000000000000000000000
27772e45e3abdc27d16fe80049110d66b57015a9	0000000000000000000000000000000000000000
278d4d752b9c9af2857f38cd84cbb53291fda545	0000000000000000000000000000000000000000
27f6a60a3520cfcb1e2e60e3db5cd521f0b8e964	0000000000000000000000000000000000000000
2871f5b77ff87efb3925182092b77bec87ebff82	577d8979c948020de04a27e4d48dfe26419286d3
28df2d37cb808bf7786b427fdd03b0be88f6db0e	470ff3898464dbe1e1f277465eaff0d0fa680f25
28f0676abef361aa8b8160cafbbd19651deede73	ccac637281488468c527cca2055ac7fdb7241613
2a053fa265106cb713268cfbb0875435cd94b9e3	56da0cf26387a8ba80b6d8644f495c04723d95e9
2a4389599b8dd2f630b8da3a9cf125926af01bf4	d48b180f572302f2a78df0b6a8611a4f9b688395
2acb4f45983851ab1c9afa223c873013eaf01315	0000000000000000000000000000000000000000
2ad57cfa3d86df5a4028bcbc39f5c19d24923155	a26ecbf98742fb4ce3ac860399e6202638f0e436
2b059ccac522d6be3fa3dd43ca2589bbd20dd48a	0000000000000000000000000000000000000000
2b107f0a288ca1c7088b181c2bb40f67c74b37d3	919332c8a6d0a4394d1b4fcfa25a8de73f7031c3
2bfcd3287e9ccf5d62640164491df049b7401856	6b405a3ed9610e805006af46e20a64f9660c39c0
2c6b07f9b561d3f799735937cc4220f26fe23a21	0000000000000000000000000000000000000000
2cb99904e40851d3dfea370664f0b313d21775ed	f5fd1d613505920009220966e23413975f239aa4
2cfd03d51f119a7bba4ddfc6a298bfeff5646412	0000000000000000000000000000000000000000
2d2118243674c46cafb51c61193b4d9ff02e4010	0000000000000000000000000000000000000000
2e8d82e560ece53635390bf2fbb9b3e3f6a1b265	fd23a3ed72c1a201e126bf39df7cf2f0a730b21b
3010b8f28975f614c80faf752847cfc1b956e1cf	0000000000000000000000000000000000000000
301c22d058b66bc9cfe2a43f96b745ce8f8309e5	b73a1a5bb450fae32ee314b1114f3ec7a69fa1df
316aec9453397b1847ec7c23cf8200e0424cbaf8	1404b9a187cf011a6922c96ccc5202601b44ea94
3178d368e4b1bebbb31721bf37286fff96fc1cda	034426927dd642e4f75ffab39e942ec422ac0eb8
31b5b0975157a477117aa9475ebde210b0761911	0000000000000000000000000000000000000000
31b5b0975157a477117aa9475ebde210b0761911	fcef312580538f65c6d64e6d63e3b8b833a68aae
3208cd2eb8eac8ec0d926efbe655c23c7805712e	1ce1af565ba8d38ade606feae2f5b4601bcaa0fa
32351396c916883c485ebae0fc9dce21257ab838	0000000000000000000000000000000000000000
3318384015b8a14a711f596fe106335df8269a5b	6d3456cbbd74d40b2fd73fde559b60d49fa835e3
3318384015b8a14a711f596fe106335df8269a5b	e3966a7a5fe8f9408dc7bb261572253d01186644
339637e6191ccddf5ab02f8066e44d624efaa661	0000000000000000000000000000000000000000
342cf9f7b37ff66b637c5abd8952f9aad43ee5bd	47d919f9783946ab62c97489e8ba620685a58cb6
344f24fa0e62b115a488cd650dd33c2378a4058d	0000000000000000000000000000000000000000
34a11c0aafcc99c4075db1c37e7d5c108ce753e9	fbe66ce50bf68bd6067b2f1e50e18b3e3278636c
35362c05e491271994c81ed0cf944293d4e1fbdf	a75cd308a44b6598086d2b44bb462d758b84eb2a
35a777632088750df3a975d2899f86620ea8e072	0000000000000000000000000000000000000000
360906d0d62c8ed3d00caa1dce5d1f0e263f5360	f2d7d4fbe6e84bfe1aaa34ec78f57318901f7837
364034272401d50572c492ca52c97d597854d307	ef76768bb0f8680b4d9f5f59302d305a641d46a0
36447fdfe33721a1643c0dffca3e9de0605811fb	0000000000000000000000000000000000000000
36447fdfe33721a1643c0dffca3e9de0605811fb	999a2bc33e279bacf7e48b4e8ca718dd06d3eae5
367def86ce947ed0d2d3fb155b0598b249e391af	0000000000000000000000000000000000000000
36ed99b4fcfa9ad20b03e3433b7ab7e680a97993	153e2d2f012b101a64de996f3c6c1f151a263d19
37106400b9308cf8a9370720d43521784cef2892	0000000000000000000000000000000000000000
375b72a4ab19bb4b8310f8c6032fa173c2125198	0000000000000000000000000000000000000000
375b72a4ab19bb4b8310f8c6032fa173c2125198	908be82c6e819df594dcd130ac17a72b785719ba
37c6175dc373448b3df0e9c3eedec31e291b223c	0000000000000000000000000000000000000000
37c8f942631f26f10018077927bdf263a53d4455	8a0fcfcc183ad2876a93ee543de8630d8e416bc7
384dcf99a54021bd34e3b20aaf3a4bb650dbc342	0000000000000000000000000000000000000000
3885e81544b73417e566db46609e3db4c1b0ce30	0000000000000000000000000000000000000000
3893108b2065f9c78a7fae4a427474e31ed3fc22	b41243378c6206b5be1576121c840fbc4ef837a1
38db3ef6f8ce785c9777d6d702421cfa8f22f80a	42105304622c7a5cb2f72d04a5f3ccb9b0830834
3ad899953bf0feb523698c034cad1ad232c7fcc9	0000000000000000000000000000000000000000
3b24d7429aa538a08583648bfe27a9815c0d92f4	fa9ad90bcbe8822ea6f16752fe9e6fbc19cdc8fe
3b92bae48719fee28c02fec4ed84de0d58b929ba	8823b18b41d869754d8645d5c7c65c9a029acadb
3c0197a1c1c2714f8c2d6356f8e811eceb869afb	0000000000000000000000000000000000000000
3c09222f58d46f55d9ae3819937946bd93bea4b9	72082763cbd5a84827eae10729add739eeb12a92
3cb342635758b3a53ecb0dd3b0ea9c812e4af94c	c1cb3bddcba408efb6e7f0d16242af4b7567ee8e
3ced10130761225e33c78fa56147b1b6f0c06171	cb3bf5d8e300d69343e738ecb3679e435344af52
3d04d1f2358315e9067e8e3c608fe746ac7bd4b5	83af8039454d15bdaaccbb33e1e5a87819a11d85
3d1178ce8b0e668f2bd5eb7120837be0be7fc2ad	e566f06ea1a7433854e07562e225ef09ce424625
3d3e7329199915ac2bb0e0c3a7d01eefd1c78706	0000000000000000000000000000000000000000
3dba84dbefec512289a0b84907327b23d36b8c80	0000000000000000000000000000000000000000
3dc40d6567e96c05c859945686b1fa3b4d8174fb	9f935d5da4f68761acefeb8548e161119a598af9
3e5a5b6fbf4a1d9f7c21068a891692e0e60e3d7a	69fa86d2a9dfd50cea5f819260bed0ca838833b0
3e5a5b6fbf4a1d9f7c21068a891692e0e60e3d7a	70d2432c28a26bdddc70d39c76f4bc85c2df7c95
3e625bb1dea60a3070f86fb5a0bdcd280bd60240	889724b81e4de040798da6adf3a3985e4dc1df9b
3ecc9c24fc26e8416b3263dfe2254539a208c840	e72ac7d338842836b025f1b58dbe6b037da1531f
3ed76f078ca1a64575a6d75483aa46f54aabd8f6	df0da6e3dcc3e21cdd6635934123f68995d74a03
3f1894b1c4d423988de352710bb23bac0c5fdcd3	0000000000000000000000000000000000000000
4083e186ff5aeea812373a55f40666bb23be4570	0000000000000000000000000000000000000000
4100ea103462d7423ede218d11b736b2242ebf43	0000000000000000000000000000000000000000
412ab5d01df06d51e6e05c63eaff431a935870a7	807f222ffaffc3e303eb77b2afcc9bf046085080
4178633beb642bc31b904bd630c668bba506166e	f77083b121275c80c37cec3426adc777e6c44e85
41a989ae41867be571706d9518f3f6531b37ba5f	2fc7aa939c89a45ac3dcb51a25c3babcadcd8bef
41ba70cb36001d0c73639d7ff06e7b838daa962e	d55ecda29939202740c5fbc1cfbebb352cf851e5
427be93ae46fc1ab3c163590ee5d45485600f98e	0000000000000000000000000000000000000000
42866ec1bc77041d2e5763f2dc073776f46acbf7	5fec4cba2b98f640974b153a7063fca633a9a6c1
42d82305466096b41bd3e7f44e26b70dec185bd0	56bf7cb83a77f4d948aff2042572abbc27c403c0
435586b6db2947b22cfe0e27ddf6321af16705eb	eaeab7b6c5f8929689a5d2957237f74c4bfc3edd
4356d796d1d47f71a2388623bd0a07294060243a	0000000000000000000000000000000000000000
43743d7af88a085618037ed6c5594f43b419f48b	0000000000000000000000000000000000000000
43851ae4b2d89d20696be74cab4b35fa4bba571a	0000000000000000000000000000000000000000
43f10d5e7dae01e50979c18d53f61ee871c0c339	53e1737e7660cd85cb4d9e01ff5d24b93e5d9ce1
44428ab67a530f23aa5579104f4ff68e4e809c37	0000000000000000000000000000000000000000
44727d204568cbf73fcdd0a873f68c2adf5450c3	0000000000000000000000000000000000000000
44aabd02fde9a5a91b1ac31f9da994dcff603a4e	579aa62a2e35ebded49aa3b13c84eec25e33c451
44b784af3368937b90591fb2260f84f8d311d1d0	ff5b0c7f1ccfdf2fd228af118796c291316093e5
44c793b4e9e6465a24cecf5070e039123d79463a	0000000000000000000000000000000000000000
44fb297f3e57065fb2a0371b89d12e99ad52de5b	d3d1199b393824e5dc505cc7311fe4906616d81e
450e692bc1d88be326580501a7ddfed4fd90b53f	6501fdb66c75b35a0ec316c4287c69d026a40764
452d8b1867b5d5ff3fec55d73aa809a0e14cf343	0000000000000000000000000000000000000000
459004a56e87aa34c0845b2f3aa8e8327ffce0dd	805a79c06387c3813039edcae9776368343bfc1d
45b8d99cba6bf74848dc04fdd3fec150f4ce3dd1	a9a45fa64dab75cb231b32c429c7f1a897929be5
45f94d38fa939d366762d0eb82d9b4f6ed04f90a	9abe99e70a14b1e2d11df7137328f507f2a7f1e3
4622729eb5d4c60cea48efb0658261ca7607eab9	0000000000000000000000000000000000000000
4681b14153cbec3bf222eb177e8fbab4e9114d80	6fa719c87dfe3b4695b5198bc7634a107b73254e
46dcd37e39b737eda1f3110cf526ea793b316b8d	0000000000000000000000000000000000000000
46e0af91540c0d55d9abe5527d79397b3d7defac	0000000000000000000000000000000000000000
4729400d7017aeb3eb15ec1f763476b2c7ce5afb	0000000000000000000000000000000000000000
47b42630ce121f9aa52d3fa8e14fce6f7186514c	0fa332630b3797821a2faeb283cbef0fa21672d4
47c8c4adb4690b2ac999c71e893dd193900a763c	374d682d58769892575068a52e403985664916f8
487a0ff5354d7166cfcd87e4357e5d02152c6dc0	35a7e53df5dcbd758a8b7033dfcafd795f5ca943
48bf897d62073f59eb6181682717d206503f1b3a	de183b1fb0346b0a8527dcea70452da103b97b6d
4a2b65a6607c8e182edff949c9f28d84de1a6025	172828833ff27a5b4f14d08919fd77622bce1f3e
4a39f14e64c7dd03563d169e38210eb5f12d3fd5	3850a994cabc74249f52ded8b1877ed1ebbcf3ec
4aaedcfaee35c7b7e5947ebf34302677f2a64f02	0000000000000000000000000000000000000000
4ace3abafb1a3a8b4384d05a1e2ad3c23152b927	4f257948720111ab90c0a16db9c7809943013082
4aed8c751a7a16de373b05ed1b4f9ad8316169b6	9adf23ab780085055dc602a9a74c9aba88d17ed0
4ba5155fe557fce80bb2e8c86eb38509ce52dd18	0000000000000000000000000000000000000000
4bdcefa0544b3b1bea23e23374df25b1c24351d2	0000000000000000000000000000000000000000
4be7f8346827997a8ad952bab1b20c784a72264e	0000000000000000000000000000000000000000
4c7e93aba95a5c6ab79d3e892879ee847e9e9fb4	0000000000000000000000000000000000000000
4c8bfbe150547fefc52b4eea69cf47c47e5adf46	f0d029c7dc8f05d92c758ded3babfa01c1f623b3
4cd4762452beedcdbf9d9f5f0a0f532e3659ced1	3b3af2342049ecc997e441cb8e3a297217f9ecbc
4db7f0c5199b4528dc702d8f77d4c8bd02a22569	5fca82a663ef2537b4a8ab06bba4f0b1d008b0e3
4df8f13ac857a5db93dc99adec47abcf9bb91a0a	c74f8fc6f0efbbbb39c74879bbf3b44ed4e8e4b2
4e1ba028bd0a64f92ad769598d1c40a56772b83a	0000000000000000000000000000000000000000
4e607a80cccbdf980437840261f6ed51034f5d9d	0000000000000000000000000000000000000000
4ea71b276eed4bd7a24b30fca730d76575257a80	b7ab678f94df7f9fc64500b750ef1b13865e1b7b
4eb71895b0ea7ff0f9f8e4880d1db3573381100e	3334ab57ca3140f6b100d3893d80b9c3e9c04820
4eb802c3fd045ee0cc74be80898d135f50dd3731	22887644ac6cd6bbd7a5bd226a61d06f3aedfd4d
4eb802c3fd045ee0cc74be80898d135f50dd3731	2c8e00ea1de11bc3fc820e748eae562e58bfa8af
4f6277c5792d2523b1b2ad8c5a3493f7c78ef3b5	0000000000000000000000000000000000000000
4f8e22de30a1a3572022e61b88d90dc83963fd6f	0000000000000000000000000000000000000000
4fb195b427fcb11157652bed35f584c6a75bc93b	0000000000000000000000000000000000000000
4fb22a4ce7266ebb07cd171fb3a22fa59396a04a	dbcbe8d25f9f51dc6272dd3311a3aad320074cb5
4fb8a39361d7c506343d04b17dbf7f9801408a42	189e5e4a54bca842d7e5bbbb6264a75b3787b281
4fd58b27abb4a2f45f7359a197f0b1e7b41d2805	cd5ec40c1a79110720dc6b309340ad52d2041a30
4ff5a1865c418ea4583577a421bad7ef5807f420	d688b19eaafce15defd8351cabf5f4a81ce4a265
50ea2a7bc14799920ecccc5fb7e923810aa389bd	9fe134b2a02377f4ad7c4a04baf666922846f1e2
51090200fee16091d5d12ee06b1a677f681e1822	e14880cb7a40f636996a08d4688a028f1493fe46
5135e180fca0bde558a363cf23e5f297f39f6b3c	0000000000000000000000000000000000000000
51658b2f2d2ac7392fb9f08593a58a4aec814fed	5b2907b28cb583e93b16c39e8e611f171537b1c7
517acdc80943a537c25365f34b83f8480494ccf1	0000000000000000000000000000000000000000
51e9469f3ef6688763d3b636587496dddb6cbf46	0000000000000000000000000000000000000000
5218e467f4ec48a769063fc974139ce379799a26	0000000000000000000000000000000000000000
52264db8e4f81017ca89c4d7d38727bcba38d723	98929588a97546dc62d220ca59f51c554b924b92
523cdd91e9463276cc3d6abf4eb8de95871ff132	0000000000000000000000000000000000000000
53cd526cf0028187623fd661dd2021321c46f94a	0000000000000000000000000000000000000000
53cd526cf0028187623fd661dd2021321c46f94a	cf751f85f8cbc95ae129092ab85651fc41358daa
54f1a3bdfbda994ef23229619c734f1aa764714d	0000000000000000000000000000000000000000
5523155f0f1a3828581175172d200f187915a252	0000000000000000000000000000000000000000
5595945a32a63ed3e98e4ed8913e6a465ee6e972	3f28ddd5a5b5419443d96d0b1a53fe4a7bc632a5
56e10811661fc72230e80b36fc5607f5f6c152c1	1f1e71ee1c75d8f926d6c1d63702ba2aa5868fbb
56e10811661fc72230e80b36fc5607f5f6c152c1	a6135c8d8fe94eae98eb95a6f3436acf40dc4210
572b48ab65235fa53ba30da053eecd80481885f9	9b860b1a3df366b0f234ea305748023b4dd20ce2
57ca627360d881253d7954505929fbb87a95c579	6a7a06a1589e6d3b3190115ed5ebf449fbb7c271
5862c48b34d8cb1463e03b5a2e02b791cb756984	0000000000000000000000000000000000000000
58779f2bfaa5ed76ed4444fa82fdd2ff576220f2	a701a581c59d4d757f6a96ba7e3ef600dcf92642
59da7f6b470587a4b2e736b21d55100b6dbb8a8f	43f4f33ea0c4f0e584a4732cbb5d56d9c9d81a02
5a60e89e5cba50986c354d65a3a57d0287bd6f62	674b99971d13b38c707ed34c27cf3b94de3b8827
5adc1d385150ed2d0512c1397126f3b16844f813	0000000000000000000000000000000000000000
5adc1d385150ed2d0512c1397126f3b16844f813	74c2127a1bbc7c121f77c1a3bc96315ba88d85c1
5ae3118a5b949979e5e02ce46bf201963907cfa7	e25b008d15677fcce4503bdbba4db0c603ddd82d
5b802b0caf06188aaa8d45c50c4f83419713ef2f	ce712b99ef2ad9f2a5f2d884ebcb1f2954917181
5bcb7aad524aa4cd09eaddb22bbd89649d382639	0000000000000000000000000000000000000000
5bcb7aad524aa4cd09eaddb22bbd89649d382639	83f9ccca249638c0ecc0bad5dc7af2ec7305bf12
5c21dfa625637d6bfdb8fc4ceb6b8b335c32d7a6	565aa8bfc7771a1346687e5e04e52386067228a3
5c2a3dbe67c7835389b29d04df47b5baed1db782	929c5800980f3d8b17f352760336d1eb3b4f073f
5d71fac68498474811d54f56c62be7f77f77e526	4da61414d16aff8554313dce98c8b599aac10103
5d99d1ddeaaf923d9310acbed8e458acd7e58890	f9772b64db98d207b8bdde0cc5ff1dbdd481d9c1
5dc5e075059dfef45e8f0814af126ba56e56a97f	0000000000000000000000000000000000000000
5dc5e075059dfef45e8f0814af126ba56e56a97f	867729ecb4bd287ddbe3431f9962bbe96650f80f
5df654716331d4409c5895797243f60167850077	d44976777f3df09678f287a86fce358ccda9cc87
5e037dbe6799d02aa2e4ac6ded18685e4ad6cd4f	13000fe3001bfb1b73affb296c3f9192440215c3
5e1c6923dcee6a273fe5d0c623ac0e444598969d	0000000000000000000000000000000000000000
5e76bd61d4850b64d8e58edd889b46298cbb3a0d	97adfb54d0f6d296f4da70c53f86e0a0852a9465
5eca4e4773f321317da755cbeaa9bcfce8d43a49	4e8be336868b3303e72c82ed6f7e0e353695e725
5f07fbd609eeced521782462d4352d5de00f1a5d	0000000000000000000000000000000000000000
5f0a30a78406fe8b410546e0ceeb07fab5e910b8	bc5d2305d4ca4ef225f4575b3d5f8d002289d1e0
5f46cd09d195cb5015493dbd4018c970708a2934	58aa4d96053328ff3d21954c356d20376e5dde9c
5f882438a630c1496c3704c0bacf341fff327c52	8f02013950e5f96af2af87f41d69bc70ed19c2f5
5f9f407618a8108f90a4bdb384d05f36fe19e99d	0000000000000000000000000000000000000000
5fea904dc846e56457d36b5167d6ffecc701b8b8	e88eb4c872b8632839155910435148bf03bfe2d2
6075dfd005b4c658b77b3d79035c68301df93637	b9ce1e40e079080a2f67e80b847da53e34c4feb3
60805ba861ded2672b2e861fded59f3fce1c58a9	0000000000000000000000000000000000000000
60805ba861ded2672b2e861fded59f3fce1c58a9	3a933a82ccaf5d799e18eef99c3468a1b3d6155f
6087641e12c559f24d089c2e754e658cedaa9528	38f18a8c4dabbac5a97f2d74ab78605c69aa3892
60f4c802ba001fa82da38ee3c31b41e323bd9b7c	bf0374177adc3fa48eee4aaeccdf5648cabd9fc5
60fbe0e42471b20bea34a56090545c5f5b0d0c96	07104ffaa6883911cedca1fcf32a3cef7e3b33a4
6121e042490ca3927e36f40702a8168bc43ee02e	0000000000000000000000000000000000000000
61239c02a45d830805bffc2235ee29e706fcd1bb	3c8d8af6522dfd7e67249aebe159a82ce23c819b
61239c02a45d830805bffc2235ee29e706fcd1bb	f46133948abfd3e390900b4b221c007e8642c26a
61620b868fc26c4d4b1fc306e65fe96b18d8a3bd	1fb816257c7c4ef3a40b8b3765f9fea1b019ba62
621743eb793bdbca216f8a07c9d54ca399990101	0000000000000000000000000000000000000000
6273797d2f353cf4a7656f35b4e624823eddf1e4	0000000000000000000000000000000000000000
6273797d2f353cf4a7656f35b4e624823eddf1e4	b7c10b21e3be7450ada6d92365b89bfecf568881
62818cfd20a2f74fe240e9282c9e7c772e1fbce4	ce03c799d7c663793751575fe7ffb459507d088c
62ae62398c035d3c26699094daa02fd422e2b9a9	82a2a37f0a5f86d09f4e3bdda1051e0f5266caad
640f949754e35c2e832a8a8a3226d487ac66d77c	b35cbc5247bc0c22f39e2dc43492fb358266625e
64245cdc421d21bbaf14767c9d03894f273af35b	e699460e83c5393e2f9e8214fe958a6fd843eb36
646c58a5a6d30c8f33a833a78e44d552d3644d02	248e5ed23cee6ffd807e21d4d7e6503079ee99bd
64ab19008756bf0c6ad2699b42638dc34b3ad982	0000000000000000000000000000000000000000
64de299651b1d326ee5451a690cb1c51ff6bbca8	0000000000000000000000000000000000000000
64ebe4a8c65c8ad8478c8e385d7d8348263dc41b	0000000000000000000000000000000000000000
6555a6bc99cd109de39069c4250b03bd28619cfd	9a880ebf9acfe0efde51ecc17b1ae8aa498c8aa2
6653f785841d0a6b1dfafade04e06e3ee13ab175	0000000000000000000000000000000000000000
669567af46151a4705b92789ea7e5648e9670d78	0000000000000000000000000000000000000000
66aea78c930a5887a0acc4ae6a134ae6acce8622	a44b901ff116c4b6b52fefdfbbf44291d003e545
67c1a860dd030bf32bcea96dc425bd308da88f17	7146c3e6ea2274d871685b68a101afa2836b9be1
67d38cf2564c635781d49ff8f682bc23ac3f7d0b	4b242db573dea32a5f34fbb6f28650383052f861
689314d832cc0bc7c89574f36b268a7112345580	0000000000000000000000000000000000000000
68b371f872d960a9d9bf570808904ed2ffb8ff37	0000000000000000000000000000000000000000
692d699085fa5184adf1545dea41dc29b94680cd	0000000000000000000000000000000000000000
692d699085fa5184adf1545dea41dc29b94680cd	4cb5fb3a2c7ed11d42eb5fc4fb9a74cc72246049
696c080bb8e6a2433710c4cab38b8ed2d23789a3	0000000000000000000000000000000000000000
699ae83834cab5e0af907f8c87939d14e6183e34	0000000000000000000000000000000000000000
69ca97934ad998bb93b8161aff12d2e719b55295	0000000000000000000000000000000000000000
69ff06b323aa0d151f9731ff601999f6d50c9122	0000000000000000000000000000000000000000
6a671213ba423ac3139d5b5e69b92dcb396c6977	0000000000000000000000000000000000000000
6b30913880ae4aea1ec790ec222ddd242f896102	3dc6fa2286e00ebb853211ddb433d9017b45cebf
6b40e3ddd50cc16dc8f8d6ae5631039acc226c91	0000000000000000000000000000000000000000
6ba27d9779746c7b138a9dc993d24e3015a036e9	e2db8123cfab6c1aa100959cec7976420dd79fa5
6bdc11b8cad80b0e8c3707995dc1bcfbbf46d173	0000000000000000000000000000000000000000
6c2439dcd854831ad54b0e6ad2787cab8b95e407	0000000000000000000000000000000000000000
6c8bf5ae25b1f13406306c6e395acbcccada90d4	858d05d6df744a8531676d0f0647677830612dea
6c8bf5ae25b1f13406306c6e395acbcccada90d4	9957f7f4e14d88e3d2c2cf3f4d495cca897c1eaf
6ccc7080b6e267badb0b5f1db017d905056a2fd2	0000000000000000000000000000000000000000
6ccc7080b6e267badb0b5f1db017d905056a2fd2	91106c85d87983d4f2eb0ccfe75a578b79031a51
6dfd0ab41bae7ca4ccc265fa5a7579f055309310	f16847abd6d21a6fb3abc028fd7bb5e6c8b3bc12
6e3ce62f617e9f8d15aeac5966a2711c31b943b1	098a1dcf3703add548e476bf2ae461c41f346baf
6e571de62f64f2792afa01ad96e0f1221cfe0e34	dc7a61a668ba0fb56a21912ab1a3411e6bc5d78f
6ea01edef8e0ce0ef8afb8b635af6284dd9b90d1	228f3658b62054059a37f6f6b629a63243572275
6ec29687737ce362594fe95c5c98051ff9442799	a5c3ef77b67be795f47bb4e8b89a52fcd726a21c
6ef3b1182dc28e539c6df6ea374905354fd1c831	b3e3b8a4a1b142f648c9b57b94937c642a31a161
6f156af9249cbaab02f87f00324c65e4923f10b2	124204a965be9554de288d7e471e1cbc69d8cc8b
6f25ae1c25b42184ed2468984a79b74e2db575ee	0000000000000000000000000000000000000000
6f9e3acdce3ad30406fd41e0c563d2cf518497ee	0000000000000000000000000000000000000000
6fb0e0146967417fae1a585573b7ba475b1f4123	0000000000000000000000000000000000000000
6fb3d5b171ba2e350f762724f5fdf4669fa1e930	0000000000000000000000000000000000000000
6fd38d36a2e046b34e353d19d0b42c2efc1b6fcc	050d02916b48a2edc6e1bcb923147f1af03e0052
701edc7e779505ba0d0b43cf08ed1eb83dd68c53	c631ee9dc147a5d7f82a4628d46a3b3e0c59b83b
7053019b7a3e6f399d607e40b0c076f650b40067	0000000000000000000000000000000000000000
70633cbc50b2e63919d62d6bab94f56fb73fccc8	0000000000000000000000000000000000000000
70633cbc50b2e63919d62d6bab94f56fb73fccc8	f97493fd81db1d738f8c27f60175793c4a79f4db
709afbd7a83070a3c142453285ec6188ecc9cf55	7dd1e0ea0310faa3df50fe4d0f6e6747b29e4914
70a8e49b15b3ae44cae4881bd8fc7ee0152520d2	51cafcba28a5b824cb8bd821ae5767d23bb2fa7a
70d81da243a8ebb8a35ddee97f5d3e3088726b4f	0000000000000000000000000000000000000000
7124e50b2541a79ddb5cfab23b37bff573b4b887	e9d30cb54b312871216e32e4e436df29d46dc28b
7138dd55e009658b558bc06f60c31a10c701a012	0000000000000000000000000000000000000000
7138dd55e009658b558bc06f60c31a10c701a012	e7acb176af5a2239f20526b46445d1285fc3b461
7177ad3267c511a99537626f25257433581262fb	198737dfcc1e5ea1f5b7324cd58fac233047331c
719198188d02690ad967a0b1627bad13441b6262	e730d582bd222cb358a86f6104d9107c34990378
71ca0b46d4a8d2ff78923cc2caee00e6da88905f	ba6dba52ec9cfe54915af72c11bdd719502a7457
71e6c4ca2dc98f4f876a20e707e60cb309fe3da1	0000000000000000000000000000000000000000
7238cf1202b37798091226d9415e553a91326e17	68c76ff7eb6c752f19c91bbe3a62c1c8b75aa64f
7247bd85022a8723356120554f89511d428794a0	c7b9a54c2dcd44b74e0f092e080be6e83fb554f0
72e8a950569ede742530ecd66abf9381493415a9	0000000000000000000000000000000000000000
7333743ee564083edfcf721e8f398c71e9f7360a	0000000000000000000000000000000000000000
7333743ee564083edfcf721e8f398c71e9f7360a	0deddbe154cfe00e0aedc5b491f116b8ad12d1a6
73791e1c82838774abccfa19d03c7e16763470a2	0000000000000000000000000000000000000000
73ddd2bca1a89a935a758b1e5ed42071cb28a955	6fae29fe1271c0defe7e3d389bfa5c0a7da6b820
744efe668c01993505e3be417c270aa62c9474cb	2970580006335561c81267c2d14cdde8aa503595
747c37481877773e219af57b7d79ca1b887273da	2fbf5639d2432fe84ca930a4d679058c9a6f8187
747c37481877773e219af57b7d79ca1b887273da	9b9fd87764da83255d0ee8c67254012b3e5e55ab
74912c4061927c763a720a2719edacaa6dd43b4b	a596cd601c1fe4318e81c9f03c4bed01df7e9c76
74a743ad5668c7bf806cea6b88d23ae5a536c97b	8aac82e862709f04f2f3a7fe243aa38a470ebe0b
74fcd6fb025494b82b348c2245903b69c38b380b	ae11e2d6ac2c1e525668563fbb2b69501affaf89
7568ed501a7831460201e05c165cf3ab1a6631d9	0000000000000000000000000000000000000000
759bcb8fc66186f0858f7db5f84b19eebc733f27	86e19f816b66eb0dc4de7a79315616e669e83ea9
7617a2b596e275397f0b18b702ebc9716f037d80	0000000000000000000000000000000000000000
76c68a5c060645ee2a078ff9ad1ed96a4f605b57	0000000000000000000000000000000000000000
76cc947f781e5e1b125e1961293a969866687eda	0000000000000000000000000000000000000000
76d19da644ffe57be38ed10fd058576cc2e14465	194a4a61d0373c9d91bf47922b04e32fac86a32d
78563051f85a60f6812099b018e792171b034b27	0000000000000000000000000000000000000000
789582613d31a9c7db2ee07e7bdfb4de3a87ffdd	0000000000000000000000000000000000000000
789582613d31a9c7db2ee07e7bdfb4de3a87ffdd	66beaa70ab69655a8b3976403f653f2281216209
78a1557557bfb61f5065eda79ecfa4e781d4f865	54086688ffbf674d476d1c45fb6fb4ca5e1de42b
790e9560d3a4210261485c3631593ad9ff244e94	d983f67599b491b5f0c5138685ae49ee5dbe6bd7
792d9e8bcdc098815eb0264e37306e9e13a13a31	26be6c6033aeb5974e4b58fc0caf260bdfdfe86b
792d9e8bcdc098815eb0264e37306e9e13a13a31	88df2f2ce919bf0097598a1c7c76fa01f143b26b
796ffc685a83f30285ab185c3fe03954baf9d74c	2e2bc677ef47dd2c25242cfd09212dd60ebaae52
7a25a577af1a2f06cf399fcdd87c49a9c3ebe865	03496d597a2f29097096de0ecb840b1b4adc2c01
7a2991a88e1407cd250a840fefe9718f4d1253df	0000000000000000000000000000000000000000
7a2cb7e2980cc8e7944c0fc5626679bc12378f86	58e1767bde632d21ee55df7c49e8706c418b1fb4
7a2f53b343c82b74ec75fe8d486be3c0833ded70	0000000000000000000000000000000000000000
7a4f74b57a512b6803a4e612a2999c40738e7382	940ea82e0638f38e3e0bfb75356191a1d52e9a90
7a5e175823259ddeef9faeecd42ebe02d835986f	37c3a7fc886b3e6986607f283725caedd267b27f
7a5e175823259ddeef9faeecd42ebe02d835986f	964f995b8ab9883ca3ebb8fe8d3cbe45fc64312b
7b0cb5dd94c2e21d46740879c8b0c55c629dad6a	4eb45936899c93be71989e7dce59b30d930b54a7
7b3c93cd12222984732ed6f7c5ab2967a922ed13	3c77c6c42760c81048d10d1e81ef315b3fb40a9b
7b86b0173cde6c9bd153558fad00fbf5f033a282	a4e34bf4a642dc80bea9070322492a93cd7c943a
7bba399a3b8e84cac6832087734131962194d6f1	52798ba876aea8ae28d5c3967e8f3f9d9fc8e868
7c4219cc9e34048cab461da029710d4ac0e0b984	0000000000000000000000000000000000000000
7c519b1f0cac3ccac4e144500076646ef529c19a	0000000000000000000000000000000000000000
7c519b1f0cac3ccac4e144500076646ef529c19a	5ebf3f2995b38afb7adac5be6b7e0fed6f642239
7dc5a0a1e6bdb133ba0e4a2fff4f962e254801b9	2a8c9475cd157d8a36867c52aa470cb3682c3e7e
7de74f6c4ec69328768814e903fb580f8cb1433d	0000000000000000000000000000000000000000
7eec535a0284cd9d408ebfe8088ec7868469cbe7	0000000000000000000000000000000000000000
7f4809b9ecb52c4e2aa499fa2f7ebe9d59e7d387	18425ffab79156bf22188f8fc0f16a547f545f69
7f7fefa0f9b1853dacd0de3b1124df55bdebef87	f5f12ed4080481129cadf4622926832854fafd16
7faf158e3a67923c057b45edd982a153b55103cb	1cfdcd17b1e43ea2daa77972321a1e1143073d31
7fba49b0b5c3d5e33f6635d903d0ddc872647290	5ea7231fd810faa125a5037e65079944e2db619f
80a373aea67fa31bbc8894f43e12d973457214a3	0000000000000000000000000000000000000000
80e805802a102ba931515c08f57eaec55bdb6e2c	c240648b2919dcd27b628fb77c51db05dac99a25
82081a9987634f838c26aefaf5a9fa6df856240e	22b47f79e774fa671c71f26c4341242fcf9a5df9
82928f528f2067936203f6156e368ad5cd4f90dc	0000000000000000000000000000000000000000
8362f500a4b132ee7b5d565de1b451439dd069eb	660c75982ac996dead5c0d130391e991842a3a3c
837ba566519ae0fe987668f62f5cb2c68d18881f	2e4a7165e471243cd3aaf2d7456eb0e1913cb9b7
83c5fce82f1b254b948a02604a535c8c8132bb0e	0000000000000000000000000000000000000000
8496e02f74cedceef0ac0339f83f7019976d956c	0000000000000000000000000000000000000000
849b0d531437af32b4bc41eada25098c93514023	0000000000000000000000000000000000000000
84a009dd6eadcaf4586b671bc4f1ad1122e02715	0000000000000000000000000000000000000000
85599274811a8b1a8d4b30a2559fc9f23de3ad35	d33fe24433e6e1a4b220976c751c2783af2cf83a
856c75e1195b1cfa9a98cc49ebc9498eae4ca43a	504b056d4a5d00548985b4d3aa8d28a14d3a9c1d
86013ab6eabe55ffbd9649f962c8e7a6b98008da	0000000000000000000000000000000000000000
8626a21c63a3bb88957e8e9f656abbc91e4d4a6b	0000000000000000000000000000000000000000
863743f881cb7c7b12cc6617a5314f874117c9ed	aad6344f6ef94e02226f9d8d74fbe66c7579ccb7
86b9d57a96bd867d334a1d42a6f1109ba091ac32	ab28dcce265a251768526431a9bef001e28fa609
8721e734b97aed36be507e01ba960f8fb653336a	0000000000000000000000000000000000000000
874c25b97e2dd5e11ac900e1c6966cb2d7711f2e	0000000000000000000000000000000000000000
8751e85667782f490376f50b302c45fe13760ac8	c8c934e9cd42b0f2b6f3f4ca4eff76ec7b87284b
8807a0f12704b553eb9b0ab36af62e6c92386cb7	0000000000000000000000000000000000000000
8807a0f12704b553eb9b0ab36af62e6c92386cb7	949734e6b400ee590d268a0994c549a74a648c32
88b4e927860ef2ac15ff06b8a359c3de404c5fe7	0000000000000000000000000000000000000000
88f2dc2790cbc33068ccc4cf806d8d278713d9ba	9a409429d43e39a22cab6eb2917c2ffe26abbc68
89ae3a9c5a423f9dd5f4c273a8bf183a35f7b7f7	0000000000000000000000000000000000000000
89ae3a9c5a423f9dd5f4c273a8bf183a35f7b7f7	6dbce8b926d1ce59899a73590ceff72fbaa9c987
8a0faeff40915969a8752043f79e76bda1e2c96d	acb5690af17825a57069202d6ffef9676595d6e8
8a4cb19df3617fac16c2af184036fe5de6346c9c	cfa559f1e70f7d4ea88c40fe68583b49b68deeb3
8a621ad5043b5beabe50b01185d91b7f936422f4	0000000000000000000000000000000000000000
8a621ad5043b5beabe50b01185d91b7f936422f4	5f9d299bfb297f73ab1cb9cb699e222a5c1c3969
8b1cc5cba098766466e9df59a1c31bd7adf15097	2ebb725982e16179d84f7e12f36e38f88fd3f011
8c05b2f2072e1a12c8e8f3fbbcfd9f89ad512cc2	f41e3bb5910cf1aee711ad6f76390a0083caf653
8c372d4b850075eca35744987b88d82d7f229984	f66b130b42fcca2973fbd7461bb117cd929819c2
8c7f74fd204ba8ebae06a4ff4e12fb69457353ed	0000000000000000000000000000000000000000
8c94b544fa133dd3e929d1676f12ab02bd7fb5ac	e57f14af3f30e96e263531f0a91ee27b1161f01f
8d293fcfe37bbed98aa70a1007210de9b9c918dc	f6d3ec3875c449fc62e0130e9390fcd71cf446d8
8d63cbe0a0135af94ad976fcfe99e9b8bdb47b0b	0000000000000000000000000000000000000000
8db4646614457f3de641724f8af223f442c45e92	0000000000000000000000000000000000000000
8df2e93c60d362692827473f57169f158c2b6d82	b942782f010c76808462b99924eeacc37fc8f682
8e2d7ebb52d77ad7463b6f508847812975e0ed84	157f5f71398d565e776439d8561b2c11598c7eac
8e80a7e17d313c5c53cb238a37f628255df793a7	f6ffb3dcf7635af71fa169a225ddefe6e234cc12
904cf040474f12b5575cc684d791a911cedd968e	2659634cc24ffcaead58cab7b8ba91be9cdd89c6
90ab782acf9c76793f744ca14c71bdbc0409fd5b	0000000000000000000000000000000000000000
90fc5ca1ffd6d655d2fd4232bf32c609aa11ac79	f70d22a1cee5081d34c96748ce5de4a8afb820c9
91040aa797076c1b9f7d53fd712ff7376294b64c	81dbab374c428908ee548ef7ab6ce1101a2d676c
91163b2095d6c744c2a009380f290f4b4fb75a7b	1ec516474c32a6e2897b505259bc10233abf78b9
913a14338b1c18faa58256d33668476e7be1354d	64e91a4ad1121472b19b5223cd9963f6eb3a1791
917215cf0d8360399281ae9891aec520bf43f42d	0000000000000000000000000000000000000000
921eeab644c50d000fe90bc158a865913e5c7366	38d99a6980f49e07a35ca4173ff62b340a768943
926a5bb0ce88fe38b120cee690679f3e9fd0f39c	2d880824784f95af124d175d33b39fa6cb285a72
92d229ae9898846c9c5828dd4687813bd92ee406	e57167df1fe03d6f0151ca17aecba46427c4ffbb
92d9fe7c39e673902d07fb7e30975fc0d8a18042	0000000000000000000000000000000000000000
93aeaca00729b9c2f347d78309c5bd8f9f0d6963	0000000000000000000000000000000000000000
93cd22653aedc65020db19d2bf16ca790fc31df0	7b1e2a47205c350f24c3e9cc2c39450178025815
9405c145482c22cf0811d70dfe3f7d39b58ac493	5f433d704047f218240e15e8d5509415abfb2d99
945ecff0ecb0a9d8d88c52d64fab903a8a26adc0	c5ac41447eac7fe3cdca4c34320194b1e0c8dba4
94a2a80c5f8aa140769259a26cec107f1f648018	46ccdcd6fc778fa1f299fc10c3b446b74c9ac030
94c61f46279d24091df0e8d402d4bcff31ab271e	0000000000000000000000000000000000000000
94c61f46279d24091df0e8d402d4bcff31ab271e	a97591d6a3221a8ce2d5443e575b7a68bbc7fbc3
94c86f48053ec17e42e0431113b362badbf7f131	e1e8b90433d5429a2654c9371c6a80c929cbfc05
9502ffedd0a8d8ddbf4b20af65ae79f5901c575b	5e5d1124ebc5a7253b347eee2e2acffcee29d6f9
9532e0363fe9d383804ab695b520e62d2ad80571	c26742db30f3cc3ae72ff19c6e58c43cceb7d30a
957673a98e1d9c03ac82c9d65091a02be0cbab01	b2adf8a64774f3bf250f976f4c5c94aa45fbb0fa
95d91cf33ebcb62cb9c8c8a104e87c620dd85920	0000000000000000000000000000000000000000
96028840e4f4af9085664f2d949dd78be6854ce9	d6c5eda125912420e016b33c696ee6f2acf7b3e6
961266db8156ee4e20b823cc8609ef3b9fc0a869	3a90e73e664e4e9637da4879cdba086697e0f630
96ebabaa5448921f1aeb4e9f246ca67be395f0cd	0000000000000000000000000000000000000000
976ea564337981b98caa9a197844973dc85b053a	440360133789f40748a76bf1436865a398f3b8d5
984b46aefeecc6456129344389c94c72fa0dc9dc	dcecba77d923094c8e3d3f20a8fd744851d4ab93
987cb3d1aec2547eb47822385a63d7a4ee534d51	c8a73795368941d7c8b8a0bda78b5bd5dc829e7a
9892571b43ad5aab38988d4507ca83debd68d0e4	184e1d51432d6bd6f1ffbdc271ddf754f50c9a98
98a391bf7d103e1876cd2b64529853ebdf21f6e9	0000000000000000000000000000000000000000
995aaec2519cd2fd34c259a929267d1fe23376b2	9bfb9c12bac6a574e09e31328261437073988ff5
99655921321056e0c109a1b17a883e547929ac3d	25436dbea9384b2f01137c032809b1992a7cf100
996bcb1f34ae6a829cc360d98abf6235e1c8fb76	0000000000000000000000000000000000000000
99c945dcd558e78e11f6dda1ae3e11d2238fe3f7	0000000000000000000000000000000000000000
9a07591eacdd74e8f2b6872dc0622282dc1ca3c1	0000000000000000000000000000000000000000
9a2d3f24e0360963a3598607f4c5bce61dd42042	0000000000000000000000000000000000000000
9a2d3f24e0360963a3598607f4c5bce61dd42042	1fd3d0f5ae6badfdbf4e5febd6a28239e135433b
9a3f35a5175427093175c4cd2ff93c52d0d8d8f0	0000000000000000000000000000000000000000
9a3f35a5175427093175c4cd2ff93c52d0d8d8f0	949d0f199218069c2467fa4805f80a3cd3790626
9b2f8f0683ec86a3b43d5834befc247ef0ebde58	867c9a8fd96b9e3e5117e6ebc0f946f1a8837368
9b40afe467a9b6035f3cfc67c01ec2b656d844de	95be30b1302efdeb472e242f6bcb1627fbb6a97a
9b4fb5beda9b14df800e82df20832488ee5401ff	894820bcb6d6c98e33fad95087d8edc2bc69e598
9b601ae305b361c28812046e659f491dc7a959a1	3467dbce18868386647112250c8ae586f0d1a6b6
9b9b7e4d660b519d4815a5c93786e470c1b8dad4	c58c3f955de914c50b39b6b2ea0423dfb81bc87b
9d35c61ec4d326fcf81c986ea85055d9251d0830	c248db69f6a98a738c8fcbd667cce26834a4b435
9d3dd1c2feb30b8264058c6febf9d828ea27a5c4	0000000000000000000000000000000000000000
9d8bc77e1fd9f304ffc099e6735a4d22bf6a24d9	0000000000000000000000000000000000000000
9dcf57588c99564a03f25d0903d7ea224bf9412a	92a04ef60c3dcd3971de75cd4665ed0afcb8d428
9df6c2458ae4944f0ae650bd78b2c62212a808ce	0000000000000000000000000000000000000000
9e4764f9669efdcbe275f3064ae9dec4cf1e07e6	348edc1f385dfed5a2d22d91e630746c5f979591
9e4d8ba6153cba8573cb9a8dbf81e1ae42c8bf3e	0000000000000000000000000000000000000000
9f1e8c8d677f05f5ff1b168225e4bdecbb8e5a8d	531ca964b8b502f6ecd7c157fa2b4072897235fd
9fa4ed353d767916cbfcf968c0a0dd407acaea05	573258b4e63a508a261bfc15034b2f9e497e40c6
a03a0cdeefc53b176569dc074a4431c2858aad07	549f545479d699221b0cd02eadc77ffbaf988684
a0859a330e56b6ffc34d53c854195fa207644927	a7bcb4b3c932761a97a21e664197c1ab20ca02e6
a1f4b473cb5b71c4aca3a984357c2e2d16fcf588	0000000000000000000000000000000000000000
a1f4b473cb5b71c4aca3a984357c2e2d16fcf588	3ddff0a2ea43a08a317a3b95d5a4e5c59939c6d6
a2a53fce9d5bb333c86fdea3f5fd08dc4bacfe59	af4df46e3ff4875e774e34ae0ef31b4106f86c08
a356b6b739ae5c4fb7c63a078ca1812ea7cc815f	0000000000000000000000000000000000000000
a37c8846173c246f2324f361902757ae7332a5ed	0000000000000000000000000000000000000000
a39eaffa67b5d33f64eaf0ab919e34fc24d6a422	cc34dce549401906f26f2064a29277a02600320e
a4145b9110257155f134c5bc4835020e780da605	0000000000000000000000000000000000000000
a42497193316ae19cf12e4e8dc6b528e7893aaec	757ffbd80d0ec284a87ff85bf7e9fae9ebd51097
a45b591bc10aed3993b9056b3c4eeed95661cba3	32f84d81653785ee32358ef5a03f52a62db29008
a4e08ce19b73a5f08c83e1f5f5f4d828d5fb3d4b	f7b2e4fd854f04f3c558fdcefdc192dfb6a89504
a518216b298942d8a1aa6f97e5b1fbb01e7c64b7	0000000000000000000000000000000000000000
a609a6236b14e6e14802a2fdcc8ce45350c9750d	0000000000000000000000000000000000000000
a65efddd4d07d6d583134d25d690eec58fca620a	82290efa1ef295d0d8c35ddd4060a4fc51a384c4
a6a0a29a202675630e8432da660f4a011c2a4c4c	0000000000000000000000000000000000000000
a7369965615629ece6e5eb1724dd15095de8043e	ae1c35c88ce6188358a2c5822296638fc333b266
a7400e4277a037c6fa557f0e598b403a24087640	f9d9a37900075fde3892b1c299338217a28b8c1a
a7dd61e737b50f8025d9658475f2647cd7fdc0f1	5401cd0a6e5fc2eeee91dae448d6fdf953d71e1e
a817c3c29e8da501ebf4210392d2d4ae901abc7e	45efa99adfac0e92cdc1748e5bb7e4fe7597df1f
a8216d088d9fe828782c59f50676d56805f863c4	0000000000000000000000000000000000000000
a87d312e38bbe1012cf09e3d3773d87f3aeac2f6	0000000000000000000000000000000000000000
a8aa5cf567b1d180e1ac65cc556d0750270d1cc0	0000000000000000000000000000000000000000
a8ad83a4f3b24dde62930836ce53874dd8ac4aa5	14463edad189b6a04af93e9069dddbf84430a1cc
a8af08c08ef6eeee128354e4b575357434fd402b	0000000000000000000000000000000000000000
a8bb242e7ee99e482134d7f8c876d52da9b00386	0000000000000000000000000000000000000000
a8e2c7241c8f2ba8eb540f4d4376b2852b2c7df9	24a20fd50c7dd006a7c45eb152bdf068e87bcd5b
a90ab6b41cc30f8add366fd5e814185d1e718520	0000000000000000000000000000000000000000
aa1ec8d6126abccebca242ba08a6873581ded1c0	b0aa40156eaf89972f6f44ec7d2219b802d513f9
aa44fcab6acfef6efb0231d0e9ad3c3d9985043d	0daade062c6d6d3514a6796dfd2ca7904afb4bbb
aad7fd7428ce20ba466fb81e6c8b31b6bc95e022	0000000000000000000000000000000000000000
ab485c0c41eb86957d91486b777d8e92a98cbf70	2722dfc3f7a2becaf26d37fe069999605f582f97
ab5d33f43feb3dae3322989f4486c7d67efa6c62	1a5433bfee2ce3001c93e8c1432861ee4158bd2e
ab6f75162109dd7373e5f01006b3651a18dde024	d1635fb046c516bd8f894978a7011b4329e872b1
ab99982082607b987d5b0209d0ace2bb7d1d4fce	0000000000000000000000000000000000000000
abd4c27e445251fcadd2aa84747640062c7dbd1c	bbdb68282a169aa02c7d2a5d6d55d4df036e0710
abe0b4e94fefbe4e7b9a5fd368e2e7749cd7c18e	d344ef63a41750d47e13da3a118588e327d582b0
abf40f732035f812f8541879386033b0a63fc15a	0000000000000000000000000000000000000000
ac09e7f379051999c88cc9e49cd7f0e3536412ed	0000000000000000000000000000000000000000
ac4e5998e3c826c974642c248cdf4c8ce4a54896	d2253fa0950063495b5a4bed159028d228fecf34
ac905c2d623eff91cad6f87ec1c935bb85c052f1	7d0c40c57e9b35725f436728792c15dfbcd8da1f
ad12217a7f145e760f741bf26864a9cee97c98e9	9276b716aa92f9348fd0c342ecc7080cd44b20eb
ade2848def6fb5a4b84320fa67e80d24a2c17528	eca1e8a2512c9cde143ad713bf7ed983a87a7044
ae0b70f413cd7b0406beb8788dd874e58d27f039	6c594f451a019deaf24f585bed377024dbb3268c
aef6d97c97cea8006eebf92c4d95f668c3a09830	48e504d9ff1502d0c574712c16e56c9527d211f8
af0871523b08b05177c727dc31d7121bc66578b8	0000000000000000000000000000000000000000
af7f0a7c63335f80d161a3400b18b807b4c281be	0000000000000000000000000000000000000000
af8efd6e5403d0c775dbe6155a9cbfba7a3903eb	9c4cdea8afbc1ff07620ce0faa93eecd73189050
afb9787ce6b038282b5eb4397423543130946ef8	1f9f1f0ad2943723eeddbcd04c1466b2204f3447
afce5399d7321ccd1bebcb291615be9741931ad7	62292783cac7c110fa44ab2d7775b5c6ae46a48a
afd4e377a0cdb7605731b8de0d5321d42b285eac	623bd21f64c4133aa541fa8f86221f1a9193e9a4
affc3ba6f66b71d7309180fe0e1dfba5030fc9f3	7e92cf99ee7d418c754718938ccb4667bafff189
b08d260920007df2ba427b6f51892d4c0d4b810f	0000000000000000000000000000000000000000
b08d260920007df2ba427b6f51892d4c0d4b810f	b5d2faccac47f130a3f1f3767cb3b71da3f6abce
b18082cf3ee1d30e960b6eee1f607815c1a94e3b	298fb919affb85312c2575708ea56015323bbf21
b18082cf3ee1d30e960b6eee1f607815c1a94e3b	a98b53e3ee05ee78e0ae04c0a86ab3801a972904
b1a850e10fba18d632c5d004a6be86a46ff4931c	d41221e52acecc508052421d9486cffcb8300334
b1ba75056b9741805ed1a4b692ecdbc1dbb2370e	6fe55218e4e6f72264d84586bf3c2fd6ec05fa1d
b1f751b94f7c3ef610f48e10aef0d9f5160d241f	af77abf215a194039334b86a29595ad248f23a59
b25e7d8c126082c36cd4da9130853110f3f41898	450c8d4e8ac69f93d3cee3a57fd89ac1f2227afe
b30809dcb91efea538615aa921d95b09b6606f32	f3254bc302e70394d88e090d00390385fbee4e0a
b33e89444692b6c10c055b6ad5d44d5f629db702	6c2c18ec804e6b42a04e6bdd12fab94836670986
b3ad4c6087aa7a1d9552a2d367cc7a0e71b73c67	87111fd0d44b8712514d51cf46f35d1d8672f7f0
b43465226ef8391cbc37bd5b29122c344ed3daad	ddb78cce903e470df99d216187981f017a4bfc10
b4453d53b7edb2e2a3ca1fe2d6927a40209d6cb5	0000000000000000000000000000000000000000
b4453d53b7edb2e2a3ca1fe2d6927a40209d6cb5	9fde13fdf715bf42f9c35f590a8e5b163a35ea79
b4b8efd67618bd771ae590d2a77cc20cbcb8d8f9	0000000000000000000000000000000000000000
b4b8efd67618bd771ae590d2a77cc20cbcb8d8f9	21e4df9c890d9465f24af0ecfa7c3f354f79f65d
b4ba21ac2c38e95b4b3cda70f3c8fb5e3695f12c	b0f5931a78c19f8ed368f305f056a67371c0cc8f
b4db08d85005be4efb77d8a39e457094c2b57de1	0000000000000000000000000000000000000000
b50843cc47df58e817a98575b3aed2819cbaf921	0000000000000000000000000000000000000000
b5bb44895c03b652b0b6b4f620624997f7c64a0e	92f46f1234a3f537e7cbc24bc8fdf969f89f9050
b63c70346541d6fe61992ce0a952f0e7d0637d65	9082b2874fba432d19996c22d521e9a8fcfd989b
b64f822a2d42089d236ba1a82a24a978b6d68eb4	10d1c84ce11ab6f12dbe6a5b30cbe0d181297e63
b682a6ce07e37d10d8380264c313e48f055cc096	10a3e3571d9422f92d44327c0c1f75645dd1f323
b682a6ce07e37d10d8380264c313e48f055cc096	3acaa4085c246fcecf2b2b9fae01e621c344d238
b69285ca4e08330291f2ce5cc4593fcdae7aa5bd	0000000000000000000000000000000000000000
b69285ca4e08330291f2ce5cc4593fcdae7aa5bd	c9e87630f659b551f23b22adec8bc3040a3d46aa
b6fe3f90dd24a8d3a1a4b493705faf2360acaf72	0000000000000000000000000000000000000000
b78aeb5046727cedf9d87cfad358bd400cbb74fc	0000000000000000000000000000000000000000
b88964330b707473e308f569db374b30a2608247	0000000000000000000000000000000000000000
b953f6af1f6d5927b5dfc9ce7b51a395653a93ab	fa52c6c1a7dd8653cbaa94a73f68d62814778e7c
b9592c6984884a0c19f5af48d213ce8e621e255c	5c047c2585a64dbc20132dfca2dd932111a8ae55
ba25a3feef7ac79aad387c9f74816ff887f081ba	0000000000000000000000000000000000000000
bb15b2cda9f2375865bdff7afec432712eb1d4b4	0000000000000000000000000000000000000000
bb3414ad53fa9b4d7eb26ae8e5c0031c7aaf4290	17c3bdbdef114b40575ef75bc7e6da92e290651c
bb3414ad53fa9b4d7eb26ae8e5c0031c7aaf4290	af43c765d5b55c6799e968e824274f618a119699
bc3b796e049d83cf8a95d783b7853cb5cba88387	0000000000000000000000000000000000000000
bc6cbec28a1c9040cc5fdc55042ca090c28e23f2	79eeea0a26429b0f8ecb90bf33e82cdfec2406b6
bcb639f4edd744cd84688189cc7f2700c91614fc	ec36da6af853b74674c086531a50ab3cf4018fc6
bcfb9d59f298f48ba78e7132728a6e171b4b1113	0000000000000000000000000000000000000000
bd018ee0166b1549045c0892d6756a3b19383416	afc3d6ff4c159381a342ce95d0b3d4f1f4578aac
bd4dc4870df4308543eacf14f22be149519ddd75	643f66fe467c1e09da318890ee82e5cded7f4d27
be18535afea72b3a2246585f2c2d14aabffe25f5	0000000000000000000000000000000000000000
be217fd9131a38c7d30bcf3bb4baa8f8fb62c21a	0000000000000000000000000000000000000000
be217fd9131a38c7d30bcf3bb4baa8f8fb62c21a	783f5cd66397af8f1203fdbbc18b4ff5bb99bd2f
bed220f427fd40daef1291c36fe8d68adc0cac03	0000000000000000000000000000000000000000
bf3f422e476d4ebe78f4abdd0d0f95e850c56a38	6d01b7eee443b03f68c2fcca4e8ba4e8a820a889
bf63af456a574efa2c1626b1329730dd1167bcc2	26c92c4934f96154fc75cc5acb2e9124e4171f0c
bf64ef8243cd6a3e8ed3d102a29a34f3965e1b29	9646c1390ee8dc7a4c845f46891ad1b6f6cffbd7
bf7a74bfee600a149406fd067bbf94f39fbebc34	0000000000000000000000000000000000000000
bf8ff2a66f8da410a653a9e43379cf0433c6a30c	0000000000000000000000000000000000000000
bf8ff2a66f8da410a653a9e43379cf0433c6a30c	c7e716182186941cc3ee29c31935f153819fd3e2
c0699ad0e148b0f4805785f16fff8319628e8b0c	b7838eac9c5ada3ba1b066e82646d54f0566b9a4
c07581d6ef270543c79a2a862bcb997ec5a5ce5d	0000000000000000000000000000000000000000
c07fac310dde7c51b8a8740c4373ce5b1f24618b	d4ef2cb8c9ed6e15d1190a64069238db3faa81e4
c12d211648e852a2db158c1f29f290261a613ace	0000000000000000000000000000000000000000
c1e5f9899ca48a18e64d8d802523849a6e121c19	343706df2cf1bbb0e91032f912743251f9048e63
c2a38a78d22385450b2eeea8cddaf2c02b136f16	0000000000000000000000000000000000000000
c2b0bd880c9f392b704285874891f7271a32937e	cc5d617c7b21e9624e518d2de7e2441e71a35c39
c320a1b7fd9e2df2ec79cd6ed22a98ba92ceb357	0000000000000000000000000000000000000000
c3231178afd4e79fe3fd8ccc278d9d035cf66601	0000000000000000000000000000000000000000
c3d1aaf2b9bc69699ebacdd33078d4b7717594b1	0000000000000000000000000000000000000000
c41ae3fab3464a52a94899bdce8188efad86b170	0000000000000000000000000000000000000000
c424ab432590fdeb4b1d07a5a13e5ae4446b80e0	0000000000000000000000000000000000000000
c5718c228850cb3b087a945e810365da5f36738a	403ad6c200f3edcf5cf0fa92f8f210e313d70de3
c57e18ab7c0c5eca54ecfa9c8ebbaef112d661ae	0000000000000000000000000000000000000000
c598be08bde77dd4dedc3309c2e05afad4dcf42a	aa5628ae0c5278576f0d043c78407bb96ac0f452
c67f0c41d756d630a824cee19552c3b3a65fcf22	a2d274f6aad4e2f1b88805da25897c8f7a646acf
c7251ded2224d6882bdd1ba7d9670ec0875c8389	0000000000000000000000000000000000000000
c76fb239a702bb8108f30d2a591e799b1386e5d8	8c7ea81c084094a8dcf9f2d075cde61171364752
c78077b7fcb443a983c0a71135866688ff3f5baa	0000000000000000000000000000000000000000
c78077b7fcb443a983c0a71135866688ff3f5baa	e846096b7502afd46784971a7da6004b418aab28
c8532fa6aecb29e3035bf36381b98f76d9e9295e	83908b6ca2c776cffeb65549a2157bca0a833a03
c8727317819f620cf3d4e3def0ad58106fff7bf7	6151271d30ebd4a900ab549e59fe8aa3bec4bfd7
c8adfde7b42a811fbb97c1ff076b8be934fffcca	ec8a16e24573d4a995935e45035aad204ffc77f8
c8b47435bc6f10a67021ec603015eca4988151b9	0000000000000000000000000000000000000000
c8b47435bc6f10a67021ec603015eca4988151b9	2c4768dc0124e7b5f069d0b8c7bc544c83b77041
c8e71ddb953bc05bc4187ad728268a044c8f72c2	0000000000000000000000000000000000000000
c9d483527be27c00a35927f9fa72e6d34f4dc556	a6a3a13023cc2a1dadb43dad952ae31c7780d816
c9d93d3dfbb9dd87bd22c554fc5ac85564dade60	b0ca0e438c4c89ceff3643ba69acbef01ef869de
ca3f8d6c929dd7510591455b8ba51b6146364507	0000000000000000000000000000000000000000
ca78d0c113b3617544dd34b288b6b842216be129	cd2b449ed5c1a2778c04929652620e52d22e5955
cadf17af95fa0ee836c14a595aa61bee9a6fa618	04904d87f7c9e0d44d3e297ac7962a0711de5b8c
cafd5a15ccf031b3d9bac4b0e4744d612331fda5	be09c53fc1290c9d9a96e0954f754063fdc8eb89
cb4cf2a7b7a9bb9faf5ec772f60ef6bac7c5024b	0000000000000000000000000000000000000000
cb8627d603847396c4e441991b4cea3579ad73c3	0000000000000000000000000000000000000000
cbd05c9c5a882dc62350caefe3f90b48cc2ee9ad	0000000000000000000000000000000000000000
cc405b8df09422fff2f58614eb4ae2e1877adbcf	16bbaa4fea50cb5687e010c90da2d154e0b25afe
cc405b8df09422fff2f58614eb4ae2e1877adbcf	7822992992ac9cde3e4f64ef0aafee42986ffd7a
ccbd89f5eddfb2f32ceef033dfd9be3ad353b327	2b53d2493dbd9d68028dce5f075c7300ba369e8e
cd2f8b59c11d036f0bcbbaf8197bb0b132d6d101	2839a7f78bd6e0c5f2c8f230a1864e0109d8aabf
cd6493b1dcb7cd6823fada8846c9777e8d903f7b	0000000000000000000000000000000000000000
cd95788ac79cd44e4ac36928c829115b4fc9ff77	0000000000000000000000000000000000000000
cea283d59405e3f1dc40f4a940079472a92be34e	8c094e9017aecae976edef2d3350849151ad5715
ced429950f114c9cc07020411a20fed0c12d1a48	0000000000000000000000000000000000000000
cf9a2feb5ed3a0ce131fd8b980573262bb4843b7	bcd8040421cf1af91ce557c0d69148dfc1bc2d48
d0cecef9112c4e39f299c71845ce9a200632e007	0000000000000000000000000000000000000000
d13fbeca0e38c76f7f3d38e88f75e0a14ce8eabd	0000000000000000000000000000000000000000
d1720b7bd5532d0c19a3f19e9732842ee18e9974	6f373f61ecfe970a962f17c8195c6d1db7459d98
d1da56328d5a6df99bce10607c5ff02556cb8d6b	0000000000000000000000000000000000000000
d2202431da5e5f86cbc570af2f66714004e06f52	314b1aabb7bb8588a610b2f9974700143016304e
d2afaff29a44e9756d03b93362a8960e6aecccd5	73d7efc229e89a403ba50e39436b3680ad33bf92
d35ab90712c567c16cd712485958617850f87f62	42908947cd9fcda20ac1c2303a341fd15cfd9cc7
d3856da694bbcab5fb6f0d7ba188c08798e7a370	6b2bc6d1479e2a8faf12a12c1e80583c1b65e4d0
d3db128e2b86b06dc153bdb9799e327e197e6750	cba66310191143fd9859b7732a83d82749c45b7e
d4509094dade864e1c11b1be5290c82ec3a376b1	0000000000000000000000000000000000000000
d5103dce230bda0f06acfd3a674b41b6976b65fd	0730ad7955f2428842f668b88a983a232f25b3fb
d58d62f3dc3d90a9330f0c2cfdaa55972e5e2ca1	e8f025feaf85c2bd61be25f91f056c528e3e167f
d5a156d511141efaba06a8dddcefef8dc294fdec	87bbe5819ff1c1992dcad33c5b01f61787da2e61
d5eac250fdb93f6e8a31d7cdd2e0acaf97aa3b8c	0000000000000000000000000000000000000000
d5eae33db5337cdf3f0280f77de161d89a9b5874	0000000000000000000000000000000000000000
d634fc5e17461a124fdb02a851364430e79cf3fc	ab13b072b29218754f31341b34036da254c4fba5
d634fc5e17461a124fdb02a851364430e79cf3fc	ae5086541685607b3799c626b6fcc62c72fc93a7
d66566e06ed8634f5820f3caff3f34663a92a542	a4cb0f23a17da7b883aa48c4055cbde942e2a21a
d6e8a1c102dcbf78ef399eee7c2833b9c9699cb5	78f926d9944601764c9976120e39148738d6785a
d7469de054fbe6743e109094c7e5d804dd5a1b3e	722fcf99ce1d090dbb8ab8d766f0a5c40e1e7002
d7894da5cd28fcf7efc6c30feb373fe21268650b	0000000000000000000000000000000000000000
d792807e3ff24c8afe7c0f2e173d18a75ab0783a	c6233f665d5acda12118aed3fd76841ac444602c
d812c432d38ca083e6d6d2683ddaee8b1b028626	0000000000000000000000000000000000000000
d812c432d38ca083e6d6d2683ddaee8b1b028626	02868f977ebac71133cff0861e7c03868dd8b5bf
d81fa2c56b2112cdf4744e8297d0277f32270c51	8a3ca8b1e9d9aa7bcba974c5e52347273c374b3c
d852d10d704c1dce98e9b5dad0360f5c14fef960	0000000000000000000000000000000000000000
d8b574475837530587835ca9504d18cacfa14a56	0000000000000000000000000000000000000000
d8b574475837530587835ca9504d18cacfa14a56	8bc693851f145781ead49fd144b2d681b0a73f8f
d8d1828b0d488c51a9c4f50508d488e65e124866	0000000000000000000000000000000000000000
d8fd95441125a3e80bcba3d395ec9ab2c18d9d46	9e80a5458a53ae95820d8f512dd9db48fe68a662
d900265bad0d6e18dd915e1b5743dbaeb2fefdaf	0000000000000000000000000000000000000000
d95366c41796f087f899da2fcb0c0d3cc63a6e35	0000000000000000000000000000000000000000
d95366c41796f087f899da2fcb0c0d3cc63a6e35	34f4113e928b115c8234ce6f9e430a0ab0c023a0
d99953221444911fa8e6e0d646aaccb5cf532c94	32d175b6703a94dc3267bdd1cc85b8f754285f38
d9b1cfc03b37ce4171c5b09bc5a130d46bbb49b3	98a7e46dcb5e805773723a074629543d4aa11467
d9bb76e9fe4946ff596d063f8439db3dbb9dddfd	0000000000000000000000000000000000000000
d9bb76e9fe4946ff596d063f8439db3dbb9dddfd	e0fc05dab8f6c811a978e8e945e2d3beb953cce4
d9f2b9f6678f4d2404372c4ec4bac6643c419bc9	0000000000000000000000000000000000000000
d9f2b9f6678f4d2404372c4ec4bac6643c419bc9	1951f004aa8e29b5ad836f59b6a065bfe6715f66
da45e5824294099d21756c7553ca02f14d2e49d4	0000000000000000000000000000000000000000
da45e5824294099d21756c7553ca02f14d2e49d4	178830f7be4e0b954ccbdbb6834bebbce7bdf369
da8ffd1faa87128573bd9872e12aa4f4f7747f0b	0000000000000000000000000000000000000000
db82bc0911e3727badc7e994324a5ef6e1de9ea0	0000000000000000000000000000000000000000
dbe75cb3bb8bdab4cccd6650fd097efe8fb9be46	652a5220d2e3235c7e65fbdd8df41fe4f9d32698
dbea7fcc6769feea5498d6f105506f2c0c0f1c76	2dc1b735a6aea8c4fd618f7afe06f9b88be3e819
dc22f432508364750bd3c3ea419b46716ce913ab	1b2769d8db81f76648b219086b88ca71d39ab265
dc762ab635a625870587c05a9605765070f20e11	0000000000000000000000000000000000000000
dc762ab635a625870587c05a9605765070f20e11	9fc55ec034885b9fcad38d43143e4ae4a1d56e26
dd86ffb4f7917f5e809c11b881f2f81c2035c656	0000000000000000000000000000000000000000
dddb209605f7fbad29a83242f06376f4a9e20060	8a3f4a2971563eb4ab26440fd1b72990ee6f0f92
ddfb0f2f81c9095e9d94c90327af7de7d8d79d8b	11e3df9ace015dbd44d9d47423db4ec65c905bcd
de5d24a0ffb3221230e7bc016441717fc1c49b56	0000000000000000000000000000000000000000
ded9da2281e2ae281ec5ede03a1a91bbd29c7b05	f1b54065553b7cfba8346cb69434487d3006d27c
e017a5718f5a60c7cdb495b66df0a341a4ae78ee	0000000000000000000000000000000000000000
e093aad33f9be80108f1bfa83b3a552b838c112d	0000000000000000000000000000000000000000
e093aad33f9be80108f1bfa83b3a552b838c112d	896e726c3fdc35df633bfbdc3bf3669fd55dc0aa
e13b5822e62d9109342d2f97ebfcaccab49a4ac5	0000000000000000000000000000000000000000
e13cc4751dce99f37bf8dc88a1162336ae348c10	518683df23fbad88ffd396d39635742d9638a5de
e22427995844038d19ca5c6e44b3c7ce3a0e2b7b	0000000000000000000000000000000000000000
e22b9eff79882908c1a6c28825e6efb32caa3358	0000000000000000000000000000000000000000
e2a3520914ba999840ea7a0c6b10beaaf62a8ea8	0000000000000000000000000000000000000000
e2b4206017005e879ddc00458cd3d1b7e2b094a9	0000000000000000000000000000000000000000
e2cd4ad6dfa43ff1ca44dc751169080f76221c1e	0000000000000000000000000000000000000000
e2efb6aeb36b1e9143abf6d37334d15139555d77	0000000000000000000000000000000000000000
e30be69d86c49a98e446ba314ebf8a16a34edc37	40f57afc5169599a74e7bca941484c7f4b5aec5b
e332f2f4663ec9bf357cc5c4d426e8c58f83414b	cee3404cd8e9e89ec1e886ca10f17bfbc42d9e7d
e3f57c05b41b63f2a1fa11bef7198e3185b01a6a	0000000000000000000000000000000000000000
e43bf68ff30ccc99f9a413cacc5f0775a1da57a8	1563691b82b90cca54245de1d98b9e5d99de264d
e444f2b1f47703e10f81871a83968cb815069cd3	0000000000000000000000000000000000000000
e459d372e7a3dc64819671330ea0233eebeafad0	d8ebe4895cf784443c09f8766df9d67d6c275980
e4759013f780b52d7a02d8f86746e080543805d7	6d0e0d0ebfb1678d9fea78de574ea5337535a908
e495eda272f2d7108d693b3aab030ef1ad9532c9	ce3e97c541c4277d43fc4948b157b0c88825fe81
e4a01cd854ba5778b562fed9e82d9639fa77af56	e85dca93691fd70bbc0f61bfa2cbb97ee87c7a3c
e4a313e338654386c16900707b2abff3d240f316	6021aba4f92ccb7a3b0d3ab9c3ed2c430ddbf0cb
e4a8c90b9bbf9391e94b97aa96db4c9460d11869	0000000000000000000000000000000000000000
e4a8c90b9bbf9391e94b97aa96db4c9460d11869	b14189cd309cd8182c7e8acde467f0a85f349e49
e5fcbfe937e7b9061a65799138002d6b94930b30	4cd78073670364cc75034eb0a4a96e2aaeecbad5
e618d564bb0b5663e112d4f4c97b925cf7dcba72	d1b5bfbb9272b06cbf40d9f22869540ab483e447
e64b84250b0958270809149e46f3f70caba2471b	0000000000000000000000000000000000000000
e7ff26c34fbfa53887fefdae36277b49dd306835	0000000000000000000000000000000000000000
e7ff26c34fbfa53887fefdae36277b49dd306835	0f2c07216e7ca13fd9ff4a22992299c2ad9040d8
e82ff4b73cbbc112b651d4815bec5e4660c2b180	a1aaa9b05b0e862bbcda6929d1604e2fb1ab2f6e
e86bb3ee9b870d0f3f2345067f3e9957fbca74ce	b6554664589c8444a9a68d5c567bf579e9dc968f
e8fcefa5f70c347e92a68afacdade9ba34cb0d5f	ee92106c874be9021940aa7731a0b25aaac9d628
e9ce90df662b533926800b3bc0b90add26471e56	de555ec006e27ed90567b0f66979903d00e3c763
ea74502873d102ff7438d8138dd7a92eac0716b9	0000000000000000000000000000000000000000
ead099b41f6079d152884d9d24e401ab9c27c6de	0000000000000000000000000000000000000000
ead099b41f6079d152884d9d24e401ab9c27c6de	a8ae8cadd90edc660dac6118d1bf3c7a4929d78b
eb16ca12a0970cfaf821619086a0b163a07c56b1	0c2f99db9bdbde313851ddc45a7b0e2c123005ab
eb6de604cbb3ae3c47ab269e05574ad0fa8d35a0	0000000000000000000000000000000000000000
eba22fae08aead2ca2cac8dd77ac8f1b60d8949e	0000000000000000000000000000000000000000
ebe09655a9daa0c617640cedb2d9740a8b020687	ea475167ab403f41ce30f43b89eb09dd1dc06c54
ebef777bfd46e510cc5de650638e9d43400635b5	7fe024461b534ac2fb62ce3485b3292470b59f8f
ec9eb094344b464c3828c3bb30856f943ee1deed	766749d3838118dcc774687c5684897eb222f7e6
ecf876a93b3b47ca2deae7651490299718721f38	533a7554db47d1dcbb7a90007c810293f4303c38
ed5bdeff1a3dcdfa79e86492a3b5255f7d0f182c	a817e336682d494a48fd4c50e879188c217219b3
ed6694b59f9b95a4aaf5acd46862b83d71152a71	65bfe1a844873581c17e8ee46bc6fcb197cd4d6e
ee04f69720cbd2c501d38a640b7939b2dce93627	e50f387f2530703079759b012e3b7455f9c69de5
ee7600ff494ba48ce9babf51da2546a3696db37c	46ad5841f0139d36ccd6e2830a3308af5b9a5ebb
ee837b24d464c5dfd80ffd3b46e49cf8c233bad3	0000000000000000000000000000000000000000
eeb1d1c7781bf06ca9c55f9903c2b82ca8eadb32	0000000000000000000000000000000000000000
eed0b9209c8fa34afd0765e944f57508afb536cc	74f9434bc5d6a23ff662acd4fb772b7fed5183fd
eee4c56fb84545b258fcbaec3625d814a4849815	ef1eb1d463c641561f75ff000c5746cd985bab30
eeee5a5e36db44240269ec1c20f30993e99fb137	0000000000000000000000000000000000000000
ef382c41a580b6694da9851704ce0c1b16ea85c4	b8169812b22a45f81c20ed57f1c2e6df5a6f63f4
efcef5dab030bdcbb29af791f89a98fc9667dda2	0000000000000000000000000000000000000000
efe9da22d69ba3d258957c71504cbc562bc33235	4650056a757fcc19a30625b9ec9eadc2a68d2da6
efe9da22d69ba3d258957c71504cbc562bc33235	565905e864b6498e1bdd5f186747c3e3aef55cf5
f03b9e083f7d4ef1bc61dceb7ec5f38236ea8708	435ec8d6e928985764645a405c234ca48b9a0745
f0577e8cd7444b68fb550bc6b1782fdfb12416dc	0000000000000000000000000000000000000000
f09775f4aca234fc2417dbec034cbde0bce543a3	0000000000000000000000000000000000000000
f0e88ddffe424641f5e555d792e2c8b60bb00365	0000000000000000000000000000000000000000
f0fe54dad593828f9a9fabb31b8bba28efac50c9	0000000000000000000000000000000000000000
f12cd7a8fa69753b0b110c5a5e72497293cbd054	ecfb38a7a6e3a8bb5ad4890b24b901cb7c18025b
f172ca5484908183ae890c3ae69e62b00438d043	0000000000000000000000000000000000000000
f1bb5bb0f25403d3bf45bc2bd4e80e52defc46b7	0000000000000000000000000000000000000000
f1bb5bb0f25403d3bf45bc2bd4e80e52defc46b7	c187a8faaff0e79f4fe5ba5e31b7286a7dac8c18
f27a4b768ecd2eff7c68e21edcc6bd41f0d16ed3	a162ae8acfc278f886a98d47833bb5d674bbb70d
f27a512631bf341e49c9b6734079de0e8c698264	f982b65d752e3c03c9682b8e90ca70feae1d50f0
f342cca239d4cc4c1b74abdd51056fdc483daecd	62e86dc9af6edb5a9592001406070c2043aa028b
f359e840140cf8883d77977505b560b81bd1e851	72198cb4961add61adef101a83c0c68ac6aef995
f555cf5d51589c97cd85fddedbc7e3ee75ec4718	4dcc05d5cb8c99bb261bf7217f235305fdb5a0b3
f5b387335d476d087bea31d7666ffcc0eaa49fea	0000000000000000000000000000000000000000
f684b9381922d13aa99e148564c5b7fbea7bdb05	0000000000000000000000000000000000000000
f694d7696a4c897ac4f063e838c16f70cd0a432b	0000000000000000000000000000000000000000
f6da6bb87d5a30fb3f943aff28c6f09795eb360d	0e7f011e97a78c15d92a488b78ba6a25d9629006
f73926071f10476ba26c403e12c74482a2c45227	a4f352435db0c2d9d3d14a19496d33069fadccfa
f752b8302bc8f2ff2626ed205dfb50e723a8c8c9	ce708adc8134108bebabaa8619cc9739c2505712
f787004e52dd72a5e79db53b80491b8c70560a5f	2a9d8911df3f8a736e75d4b0ab7daa2527253b93
f7f55276ce034f0c86af9d8084702ff4570fa05a	0000000000000000000000000000000000000000
f814f390b17ea33629c21098f81df2525a92a2aa	0000000000000000000000000000000000000000
f914db103fda7462465383a12fceff9f787b3059	1da43cd07c96944227dfb8f75cb61948702d23e5
f965e4ecce089efd8eaf3fa49525a195a3857dfc	0000000000000000000000000000000000000000
f9ae094e57f2ab4fb8fd59e7973f4cb09d7afdc3	0767b93b055e57a0fadb72f04049886118acc9b9
faec8f21d16060fe035232f4500afe9d39f1f782	0000000000000000000000000000000000000000
fb9fbe504c27ec95ad99044ee7126931ca3075e3	df8f0079e48b7445c3ad553b382b29326e35ed1e
fbc4892fffa719cd3d093dc1d84977f31c6d14d0	0000000000000000000000000000000000000000
fbc4892fffa719cd3d093dc1d84977f31c6d14d0	0b1a997f2b7ec156378632967d6800390f8af7c8
fc2ee0e67c433a722cff3468f0ceb8552b618741	dfffd55432149ff98d5f63652ec552fa1c99bba8
fc5657ab55af201c625ffcb996199a08e080e788	9ae77ea7a9f377fcd64a77b964ada264f02b5359
fc8565384a29602959cb939ea006e7184dd9d3ed	0000000000000000000000000000000000000000
fc8565384a29602959cb939ea006e7184dd9d3ed	987f9052a1b344ef9528cb734f3b3449a6c7ae98
fcfc86355c51a7bf3d095fa3c88102697474edc6	ca68a6893dc44f345d1eadd60b1a51c5721fa224
fd101f1f28707a05681bd29dd9c640420f1cbe93	8cbbcad04069695f495e79a0551e0a275a585035
fd777edc8078f152c3bfd4201adbf24c933ef975	7e5c70fd4aac509c515fcedaabf4c0c5e56280f1
fd8bdef5891ac2af3112ad3eeed730610de968e0	0000000000000000000000000000000000000000
fda5e6a68fb9551c5e8dde423f96654d29e3dee0	0000000000000000000000000000000000000000
fdcce5fbf22f80ede9cb7d1f79617db47d184bdb	add1263d82a8da8c97135ed6783e5f784fede158
fdce4833b337b64ab91fc8658971e4c03088b592	0000000000000000000000000000000000000000
fdce4833b337b64ab91fc8658971e4c03088b592	8ffab7d0bba5ed9a4a5bfda0a9666e597c54f1ef
fdf5c52c086a9441d883e51f5ecd7114926152b7	0000000000000000000000000000000000000000
fea3cffb3c55fcbecebda76e6b76dda0928221fb	bbdb1fb896f50755acf1682aa852a4c86bffdeb5
fede0e152e525fe8f9fc99acf3cb9f36a51dd751	bc0a5e943556a00dc3defd142382e450d76e46b8
ffa08c01c783e38e5698108e5ae9a37cf5c95176	8482d93d639f0745691783c95204867daceb33f9
ffee37894b0ab1ac4bbcbca4266d1d06a5cee1b8	0000000000000000000000000000000000000000
